customer,demand
Austin,69.963209507789
Boston,116.05714451279329
Charlotte,98.5595153449124
Denver,87.89267873576293
Detroit,52.48149123539492
Indianapolis,52.47956162689621
Jacksonville,44.64668897345596
Kansas City,109.29409166199481
Louisville,88.0892009394567
Milwaukee,96.64580622368364
Nashville,41.646759543664196
Omaha,117.59278817295954
Pittsburgh,106.59541126403374
Richmond,56.987128854262096
Tucson,54.54599737656805
