index,bus_i,name,Vm,Va
0,1,B1,1.089026,0.000000
1,2,B2,1.099999,20.552543
2,3,B3,1.090717,16.594399
3,4,B4,1.084884,-2.408447
4,5,B5,1.096711,2.430010
5,6,B6,1.099999,11.859651
6,7,B7,1.072964,9.257936
7,8,B8,1.066651,11.200108
8,9,B9,1.089140,2.847507
